Lat,Lon,Lane,Chainage,IRI,Rutting,Cracks,Potholes
28.6139,77.209,Left,0.0,5.34,0.63,8,3
28.61445,77.20965,Right,0.1,2.84,4.18,17,1
28.615,77.2103,Left,0.2,5.04,0.66,2,3
28.61555,77.21095,Right,0.3,2.9,3.51,17,3
28.6161,77.2116,Left,0.4,5.8,4.01,13,3
28.61665,77.21225,Right,0.5,4.2,1.89,0,2
28.6172,77.2129,Left,0.6,5.69,2.2,4,3
28.61775,77.21355,Right,0.7,7.24,2.18,2,6
28.6183,77.2142,Left,0.8,2.08,4.74,19,4
28.61885,77.21485,Right,0.9,6.34,4.15,17,1
28.6194,77.2155,Left,1.0,7.34,2.39,17,4
28.61995,77.21615,Right,1.1,6.48,3.59,11,9
28.6205,77.2168,Left,1.2,2.65,0.85,7,4
28.62105,77.21745,Right,1.3,7.41,4.78,3,6
28.6216,77.2181,Left,1.4,3.17,3.68,11,2
28.62215,77.21875,Right,1.5,3.72,1.55,8,10
28.6227,77.2194,Left,1.6,5.39,3.55,5,8
28.62325,77.22005,Right,1.7,5.87,1.32,12,4
28.6238,77.2207,Left,1.8,7.44,3.7,17,3
28.62435,77.22135,Right,1.9,5.61,4.71,1,3
28.6249,77.222,Left,2.0,6.43,4.53,12,4
28.62545,77.22265,Right,2.1,1.9,5.07,18,5
28.626,77.2233,Left,2.2,2.78,3.0,20,7
28.62655,77.22395,Right,2.3,2.36,1.2,17,8
28.6271,77.2246,Left,2.4,3.08,3.42,18,6
28.62765,77.22525,Right,2.5,3.67,5.49,4,8
28.6282,77.2259,Left,2.6,4.46,4.28,3,2
28.62875,77.22655,Right,2.7,5.26,4.46,13,9
28.6293,77.2272,Left,2.8,1.88,2.41,14,8
28.62985,77.22785,Right,2.9,3.01,3.27,0,10
28.6304,77.2285,Left,3.0,5.82,3.91,17,4
28.63095,77.22915,Right,3.1,6.11,2.2,9,6
28.6315,77.2298,Left,3.2,2.45,0.52,8,8
28.63205,77.23045,Right,3.3,6.07,3.04,3,10
28.6326,77.2311,Left,3.4,3.29,3.69,19,3
28.63315,77.23175,Right,3.5,2.42,4.31,17,8
28.6337,77.2324,Left,3.6,7.01,3.49,15,0
28.63425,77.23305,Right,3.7,2.17,2.31,9,3
28.6348,77.2337,Left,3.8,1.85,4.89,2,1
28.63535,77.23435,Right,3.9,5.89,4.58,17,2
28.6359,77.235,Left,4.0,2.27,2.88,17,2
28.63645,77.23565,Right,4.1,3.09,4.86,13,3
28.637,77.2363,Left,4.2,7.07,4.28,6,4
28.63755,77.23695,Right,4.3,3.89,3.86,11,7
28.6381,77.2376,Left,4.4,6.9,2.76,7,3
28.63865,77.23825,Right,4.5,1.88,0.61,17,3
28.6392,77.2389,Left,4.6,5.03,0.54,20,0
28.63975,77.23955,Right,4.7,2.87,5.03,10,1
28.6403,77.2402,Left,4.8,4.58,1.89,15,3
28.64085,77.24085,Right,4.9,4.74,4.12,18,9
28.6414,77.2415,Left,5.0,4.34,4.42,13,3
28.64195,77.24215,Right,5.1,2.07,3.79,11,6
28.6425,77.2428,Left,5.2,3.97,4.82,1,10
28.64305,77.24345,Right,5.3,5.42,3.73,1,6
28.6436,77.2441,Left,5.4,5.87,4.5,3,3
28.64415,77.24475,Right,5.5,2.65,3.18,4,6
28.6447,77.2454,Left,5.6,2.6,2.81,2,7
28.64525,77.24605,Right,5.7,6.35,4.78,3,0
28.6458,77.2467,Left,5.8,5.41,3.2,0,1
28.64635,77.24735,Right,5.9,7.06,4.74,5,6
28.6469,77.248,Left,6.0,4.41,1.57,12,0
28.64745,77.24865,Right,6.1,2.49,0.51,12,4
28.648,77.2493,Left,6.2,7.06,4.43,9,6
28.64855,77.24995,Right,6.3,5.68,4.15,17,10
28.6491,77.2506,Left,6.4,5.81,1.27,9,3
28.64965,77.25125,Right,6.5,7.31,3.4,17,0
28.6502,77.2519,Left,6.6,5.99,0.79,18,7
28.65075,77.25255,Right,6.7,4.52,4.76,5,0
28.6513,77.2532,Left,6.8,7.26,0.9,5,1
28.65185,77.25385,Right,6.9,5.07,3.88,7,6
28.6524,77.2545,Left,7.0,2.22,4.95,7,9
28.65295,77.25515,Right,7.1,5.07,3.6,13,10
28.6535,77.2558,Left,7.2,5.0,3.11,8,3
28.65405,77.25645,Right,7.3,5.52,2.07,8,6
28.6546,77.2571,Left,7.4,2.29,3.73,14,5
28.65515,77.25775,Right,7.5,7.07,5.18,0,7
28.6557,77.2584,Left,7.6,5.23,3.31,3,1
28.65625,77.25905,Right,7.7,4.73,3.03,4,5
28.6568,77.2597,Left,7.8,6.79,4.9,11,4
28.65735,77.26035,Right,7.9,2.45,4.67,9,9
28.6579,77.261,Left,8.0,7.4,4.54,16,0
28.65845,77.26165,Right,8.1,5.51,3.27,3,2
28.659,77.2623,Left,8.2,3.09,4.95,17,2
28.65955,77.26295,Right,8.3,3.13,3.52,10,3
28.6601,77.2636,Left,8.4,5.62,4.76,16,7
28.66065,77.26425,Right,8.5,3.01,5.04,1,1
28.6612,77.2649,Left,8.6,5.31,4.65,1,0
28.66175,77.26555,Right,8.7,3.5,1.15,8,2
28.6623,77.2662,Left,8.8,5.95,3.26,13,8
28.66285,77.26685,Right,8.9,1.56,0.88,4,8
28.6634,77.2675,Left,9.0,1.72,2.35,17,2
28.66395,77.26815,Right,9.1,4.08,0.71,11,0
28.6645,77.2688,Left,9.2,6.89,1.55,7,10
28.66505,77.26945,Right,9.3,2.12,4.4,13,9
28.6656,77.2701,Left,9.4,6.0,5.13,7,2
28.66615,77.27075,Right,9.5,7.36,4.55,13,0
28.6667,77.2714,Left,9.6,2.58,5.12,13,10
28.66725,77.27205,Right,9.7,6.68,4.55,8,2
28.6678,77.2727,Left,9.8,6.22,1.04,1,7
28.66835,77.27335,Right,9.9,2.83,4.58,14,5
28.6689,77.274,Left,10.0,3.33,4.48,7,3
28.66945,77.27465,Right,10.1,1.64,1.47,10,4
28.67,77.2753,Left,10.2,6.69,5.33,8,5
28.67055,77.27595,Right,10.3,5.35,2.5,17,5
28.6711,77.2766,Left,10.4,7.14,1.08,8,2
28.67165,77.27725,Right,10.5,4.98,5.42,1,1
28.6722,77.2779,Left,10.6,5.08,2.23,10,6
28.67275,77.27855,Right,10.7,5.14,3.06,12,9
28.6733,77.2792,Left,10.8,2.64,0.72,13,0
28.67385,77.27985,Right,10.9,4.62,4.53,6,5
28.6744,77.2805,Left,11.0,4.09,5.24,10,9
28.67495,77.28115,Right,11.1,3.38,4.74,9,8
28.6755,77.2818,Left,11.2,3.36,2.54,12,4
28.67605,77.28245,Right,11.3,4.83,1.46,12,10
28.6766,77.2831,Left,11.4,5.99,1.37,18,4
28.67715,77.28375,Right,11.5,3.94,4.67,9,4
28.6777,77.2844,Left,11.6,2.76,4.43,19,10
28.67825,77.28505,Right,11.7,3.43,2.71,6,8
28.6788,77.2857,Left,11.8,4.34,5.01,5,10
28.67935,77.28635,Right,11.9,2.01,3.08,20,9
28.6799,77.287,Left,12.0,3.51,4.59,7,10
28.68045,77.28765,Right,12.1,3.36,4.53,4,0
28.681,77.2883,Left,12.2,1.78,5.42,19,1
28.68155,77.28895,Right,12.3,4.23,4.93,18,3
28.6821,77.2896,Left,12.4,5.81,2.42,12,3
28.68265,77.29025,Right,12.5,2.39,3.94,3,6
28.6832,77.2909,Left,12.6,2.81,4.52,16,7
28.68375,77.29155,Right,12.7,1.8,1.75,3,7
28.6843,77.2922,Left,12.8,2.3,2.82,16,8
28.68485,77.29285,Right,12.9,5.07,5.25,14,9
28.6854,77.2935,Left,13.0,6.39,4.96,13,8
28.68595,77.29415,Right,13.1,4.18,1.3,15,7
28.6865,77.2948,Left,13.2,3.06,1.74,20,4
28.68705,77.29545,Right,13.3,6.09,3.11,20,3
28.6876,77.2961,Left,13.4,3.15,0.89,9,3
28.68815,77.29675,Right,13.5,3.13,2.1,17,1
28.6887,77.2974,Left,13.6,2.33,1.66,4,3
28.68925,77.29805,Right,13.7,1.89,2.54,17,7
28.6898,77.2987,Left,13.8,3.99,1.53,13,6
28.69035,77.29935,Right,13.9,6.93,3.42,0,9
28.6909,77.3,Left,14.0,3.78,0.53,11,4
28.69145,77.30065,Right,14.1,6.02,4.77,13,8
28.692,77.3013,Left,14.2,5.99,3.23,19,3
28.69255,77.30195,Right,14.3,4.43,1.86,15,0
28.6931,77.3026,Left,14.4,3.83,3.84,12,2
28.69365,77.30325,Right,14.5,6.54,5.1,19,8
28.6942,77.3039,Left,14.6,1.66,2.47,18,10
28.69475,77.30455,Right,14.7,1.66,3.71,4,7
28.6953,77.3052,Left,14.8,2.59,1.8,10,3
28.69585,77.30585,Right,14.9,4.23,2.19,12,4
28.6964,77.3065,Left,15.0,6.01,4.66,8,1
28.69695,77.30715,Right,15.1,4.32,4.25,1,5
28.6975,77.3078,Left,15.2,2.85,0.84,20,0
28.69805,77.30845,Right,15.3,6.03,5.25,6,0
28.6986,77.3091,Left,15.4,5.23,1.69,15,10
28.69915,77.30975,Right,15.5,2.19,5.24,14,4
28.6997,77.3104,Left,15.6,6.1,1.34,19,1
28.70025,77.31105,Right,15.7,6.17,1.32,9,1
28.7008,77.3117,Left,15.8,4.97,5.14,18,10
28.70135,77.31235,Right,15.9,6.95,2.38,6,1
28.7019,77.313,Left,16.0,5.05,4.65,7,1
28.70245,77.31365,Right,16.1,5.68,2.01,19,1
28.703,77.3143,Left,16.2,6.28,3.33,1,5
28.70355,77.31495,Right,16.3,4.7,3.81,2,8
28.7041,77.3156,Left,16.4,5.39,0.56,13,7
28.70465,77.31625,Right,16.5,2.13,5.3,20,7
28.7052,77.3169,Left,16.6,5.74,2.68,16,10
28.70575,77.31755,Right,16.7,3.12,4.54,17,7
28.7063,77.3182,Left,16.8,4.29,4.63,18,4
28.70685,77.31885,Right,16.9,3.43,1.73,2,4
28.7074,77.3195,Left,17.0,6.79,1.72,14,9
28.70795,77.32015,Right,17.1,5.16,2.39,0,7
28.7085,77.3208,Left,17.2,6.61,1.41,6,5
28.70905,77.32145,Right,17.3,6.29,2.2,19,4
28.7096,77.3221,Left,17.4,4.83,3.08,6,1
28.71015,77.32275,Right,17.5,2.95,2.53,17,3
28.7107,77.3234,Left,17.6,5.64,3.73,15,7
28.71125,77.32405,Right,17.7,6.26,0.97,7,6
28.7118,77.3247,Left,17.8,5.65,2.03,18,5
28.71235,77.32535,Right,17.9,4.34,3.15,13,8
28.7129,77.326,Left,18.0,3.48,4.01,8,4
28.71345,77.32665,Right,18.1,3.01,1.1,6,5
28.714,77.3273,Left,18.2,2.22,3.18,5,3
28.71455,77.32795,Right,18.3,2.8,2.92,18,8
28.7151,77.3286,Left,18.4,5.08,5.4,6,4
28.71565,77.32925,Right,18.5,2.86,1.4,0,8
28.7162,77.3299,Left,18.6,2.26,0.73,1,8
28.71675,77.33055,Right,18.7,3.25,5.22,20,7
28.7173,77.3312,Left,18.8,2.12,0.56,9,7
28.71785,77.33185,Right,18.9,4.37,2.2,1,4
28.7184,77.3325,Left,19.0,7.15,2.89,2,6
28.71895,77.33315,Right,19.1,4.45,3.39,1,2
28.7195,77.3338,Left,19.2,2.4,3.31,9,1
28.72005,77.33445,Right,19.3,7.46,1.09,13,9
28.7206,77.3351,Left,19.4,5.08,3.59,16,6
28.72115,77.33575,Right,19.5,4.2,2.71,18,6
28.7217,77.3364,Left,19.6,3.33,3.61,19,1
28.72225,77.33705,Right,19.7,7.19,1.54,6,4
28.7228,77.3377,Left,19.8,5.46,1.29,5,8
28.72335,77.33835,Right,19.9,1.95,0.51,14,9
28.7239,77.339,Left,20.0,4.32,0.66,9,4
28.72445,77.33965,Right,20.1,5.72,2.77,7,4
28.725,77.3403,Left,20.2,6.23,3.63,6,6
28.72555,77.34095,Right,20.3,2.19,1.62,4,4
28.7261,77.3416,Left,20.4,6.46,0.86,5,4
28.72665,77.34225,Right,20.5,5.07,4.62,9,7
28.7272,77.3429,Left,20.6,2.25,3.94,12,4
28.72775,77.34355,Right,20.7,4.5,2.97,2,9
28.7283,77.3442,Left,20.8,1.74,2.66,10,9
28.72885,77.34485,Right,20.9,3.0,0.96,18,9
28.7294,77.3455,Left,21.0,7.2,5.5,8,9
28.72995,77.34615,Right,21.1,1.74,4.28,15,8
28.7305,77.3468,Left,21.2,5.41,5.08,5,9
28.73105,77.34745,Right,21.3,4.12,4.57,2,7
28.7316,77.3481,Left,21.4,3.59,2.17,3,2
28.73215,77.34875,Right,21.5,3.48,3.97,9,10
28.7327,77.3494,Left,21.6,7.17,4.57,17,0
28.73325,77.35005,Right,21.7,4.23,2.07,10,1
28.7338,77.3507,Left,21.8,7.32,2.52,16,0
28.73435,77.35135,Right,21.9,5.45,3.21,13,0
28.7349,77.352,Left,22.0,2.63,2.31,15,10
28.73545,77.35265,Right,22.1,4.15,0.76,8,8
28.736,77.3533,Left,22.2,2.29,1.94,15,1
28.73655,77.35395,Right,22.3,1.67,3.65,7,2
28.7371,77.3546,Left,22.4,3.36,0.57,13,1
28.73765,77.35525,Right,22.5,2.85,4.71,3,7
28.7382,77.3559,Left,22.6,7.18,3.74,4,7
28.73875,77.35655,Right,22.7,7.1,1.96,8,6
28.7393,77.3572,Left,22.8,6.51,5.4,7,7
28.73985,77.35785,Right,22.9,4.81,2.42,19,8
28.7404,77.3585,Left,23.0,5.98,1.18,2,4
28.74095,77.35915,Right,23.1,6.14,4.77,10,8
28.7415,77.3598,Left,23.2,3.1,0.51,9,9
28.74205,77.36045,Right,23.3,4.98,3.8,4,7
28.7426,77.3611,Left,23.4,4.73,2.23,17,8
28.74315,77.36175,Right,23.5,3.76,5.16,6,3
28.7437,77.3624,Left,23.6,4.93,1.67,13,0
28.74425,77.36305,Right,23.7,3.41,2.86,12,6
28.7448,77.3637,Left,23.8,7.43,4.46,20,2
28.74535,77.36435,Right,23.9,4.47,0.69,16,9
28.7459,77.365,Left,24.0,3.49,1.0,14,1
28.74645,77.36565,Right,24.1,4.66,2.78,4,6
28.747,77.3663,Left,24.2,6.73,5.35,2,7
28.74755,77.36695,Right,24.3,6.19,1.83,19,6
28.7481,77.3676,Left,24.4,5.4,4.76,17,6
28.74865,77.36825,Right,24.5,7.22,3.63,15,8
28.7492,77.3689,Left,24.6,1.72,0.84,20,10
28.74975,77.36955,Right,24.7,7.03,5.49,2,6
28.7503,77.3702,Left,24.8,7.37,4.3,3,7
28.75085,77.37085,Right,24.9,2.5,2.0,0,0
28.7514,77.3715,Left,25.0,3.45,0.78,11,5
28.75195,77.37215,Right,25.1,4.08,1.72,13,9
28.7525,77.3728,Left,25.2,5.59,1.4,5,1
28.75305,77.37345,Right,25.3,5.16,2.41,7,7
28.7536,77.3741,Left,25.4,6.98,1.22,14,10
28.75415,77.37475,Right,25.5,3.02,1.78,0,7
28.7547,77.3754,Left,25.6,6.91,3.89,5,1
28.75525,77.37605,Right,25.7,4.15,2.23,18,4
28.7558,77.3767,Left,25.8,5.33,2.62,8,7
28.75635,77.37735,Right,25.9,6.57,1.5,12,7
28.7569,77.378,Left,26.0,2.14,2.41,11,9
28.75745,77.37865,Right,26.1,3.28,4.0,0,10
28.758,77.3793,Left,26.2,3.87,0.54,1,9
28.75855,77.37995,Right,26.3,5.97,4.66,9,3
28.7591,77.3806,Left,26.4,5.14,2.26,20,3
28.75965,77.38125,Right,26.5,5.23,3.89,4,10
28.7602,77.3819,Left,26.6,2.08,3.64,1,4
28.76075,77.38255,Right,26.7,6.23,0.67,11,2
28.7613,77.3832,Left,26.8,2.04,1.98,13,2
28.76185,77.38385,Right,26.9,2.7,4.43,11,8
28.7624,77.3845,Left,27.0,4.51,1.86,5,4
28.76295,77.38515,Right,27.1,6.98,5.22,9,5
28.7635,77.3858,Left,27.2,6.33,2.84,2,2
28.76405,77.38645,Right,27.3,6.02,1.63,12,8
28.7646,77.3871,Left,27.4,3.69,4.45,0,4
28.76515,77.38775,Right,27.5,4.72,2.77,8,9
28.7657,77.3884,Left,27.6,3.79,3.69,11,1
28.76625,77.38905,Right,27.7,5.55,2.86,19,8
28.7668,77.3897,Left,27.8,3.47,3.55,20,1
28.76735,77.39035,Right,27.9,5.31,2.82,9,10
28.7679,77.391,Left,28.0,3.95,1.2,1,4
28.76845,77.39165,Right,28.1,7.48,1.08,7,8
28.769,77.3923,Left,28.2,2.31,2.77,17,6
28.76955,77.39295,Right,28.3,5.02,4.13,13,10
28.7701,77.3936,Left,28.4,2.09,2.95,13,4
28.77065,77.39425,Right,28.5,1.7,2.35,14,7
28.7712,77.3949,Left,28.6,7.2,4.78,3,10
28.77175,77.39555,Right,28.7,3.7,5.01,20,5
28.7723,77.3962,Left,28.8,1.86,1.88,3,7
28.77285,77.39685,Right,28.9,2.05,1.56,20,9
28.7734,77.3975,Left,29.0,7.33,0.75,10,3
28.77395,77.39815,Right,29.1,7.43,4.43,6,1
28.7745,77.3988,Left,29.2,6.48,3.27,18,3
28.77505,77.39945,Right,29.3,6.38,1.66,4,9
28.7756,77.4001,Left,29.4,1.52,4.79,4,2
28.77615,77.40075,Right,29.5,4.74,4.49,3,10
28.7767,77.4014,Left,29.6,6.7,1.16,11,3
28.77725,77.40205,Right,29.7,5.03,0.58,8,0
28.7778,77.4027,Left,29.8,2.26,2.6,3,1
28.77835,77.40335,Right,29.9,4.36,4.39,16,9
28.7789,77.404,Left,30.0,2.15,3.02,19,0
28.77945,77.40465,Right,30.1,5.86,5.04,16,4
28.78,77.4053,Left,30.2,4.25,5.32,1,7
28.78055,77.40595,Right,30.3,6.58,2.63,3,7
28.7811,77.4066,Left,30.4,5.77,2.72,2,5
28.78165,77.40725,Right,30.5,5.15,0.83,8,9
28.7822,77.4079,Left,30.6,5.3,3.24,10,6
28.78275,77.40855,Right,30.7,7.47,3.15,14,8
28.7833,77.4092,Left,30.8,5.13,1.0,3,10
28.78385,77.40985,Right,30.9,5.41,4.34,6,6
28.7844,77.4105,Left,31.0,4.21,1.64,10,7
28.78495,77.41115,Right,31.1,3.89,4.15,10,6
28.7855,77.4118,Left,31.2,3.38,1.77,4,10
28.78605,77.41245,Right,31.3,7.04,0.84,2,1
28.7866,77.4131,Left,31.4,4.09,4.22,11,2
28.78715,77.41375,Right,31.5,4.84,3.43,17,8
28.7877,77.4144,Left,31.6,3.48,1.11,11,10
28.78825,77.41505,Right,31.7,7.15,2.61,1,4
28.7888,77.4157,Left,31.8,5.1,2.26,18,8
28.78935,77.41635,Right,31.9,2.78,3.78,7,1
28.7899,77.417,Left,32.0,3.6,3.28,3,4
28.79045,77.41765,Right,32.1,4.94,4.54,17,9
28.791,77.4183,Left,32.2,5.18,3.71,0,9
28.79155,77.41895,Right,32.3,7.07,4.65,8,0
28.7921,77.4196,Left,32.4,2.58,4.01,9,5
28.79265,77.42025,Right,32.5,3.61,1.41,4,9
28.7932,77.4209,Left,32.6,5.44,0.85,20,0
28.79375,77.42155,Right,32.7,2.05,3.15,12,6
28.7943,77.4222,Left,32.8,4.22,1.29,9,5
28.79485,77.42285,Right,32.9,6.16,3.34,2,0
28.7954,77.4235,Left,33.0,2.43,4.27,1,10
28.79595,77.42415,Right,33.1,1.99,2.72,13,7
28.7965,77.4248,Left,33.2,5.14,2.57,6,8
28.79705,77.42545,Right,33.3,2.18,2.65,9,10
28.7976,77.4261,Left,33.4,5.57,2.93,9,0
28.79815,77.42675,Right,33.5,2.82,5.42,1,0
28.7987,77.4274,Left,33.6,2.73,5.23,4,4
28.79925,77.42805,Right,33.7,3.24,1.1,15,6
28.7998,77.4287,Left,33.8,2.55,2.4,7,8
28.80035,77.42935,Right,33.9,4.85,3.84,11,1
28.8009,77.43,Left,34.0,3.88,4.21,13,0
28.80145,77.43065,Right,34.1,4.26,0.89,10,9
28.802,77.4313,Left,34.2,4.08,2.52,20,6
28.80255,77.43195,Right,34.3,3.24,2.53,10,2
28.8031,77.4326,Left,34.4,6.31,3.59,11,1
28.80365,77.43325,Right,34.5,4.12,1.03,13,9
28.8042,77.4339,Left,34.6,3.9,0.89,9,5
28.80475,77.43455,Right,34.7,2.83,4.4,2,8
28.8053,77.4352,Left,34.8,5.3,3.15,6,5
28.80585,77.43585,Right,34.9,3.61,5.29,20,2
28.8064,77.4365,Left,35.0,2.92,1.23,6,2
28.80695,77.43715,Right,35.1,5.11,4.3,20,1
28.8075,77.4378,Left,35.2,2.56,4.36,15,7
28.80805,77.43845,Right,35.3,6.03,4.3,14,10
28.8086,77.4391,Left,35.4,7.04,3.32,20,9
28.80915,77.43975,Right,35.5,3.44,5.35,10,2
28.8097,77.4404,Left,35.6,4.14,2.84,20,4
28.81025,77.44105,Right,35.7,6.28,3.46,11,8
28.8108,77.4417,Left,35.8,1.95,2.81,1,0
28.81135,77.44235,Right,35.9,3.71,1.94,20,1
28.8119,77.443,Left,36.0,5.19,3.04,14,9
28.81245,77.44365,Right,36.1,4.83,4.46,1,7
28.813,77.4443,Left,36.2,6.95,3.36,6,5
28.81355,77.44495,Right,36.3,5.13,3.01,1,7
28.8141,77.4456,Left,36.4,2.12,5.0,10,1
28.81465,77.44625,Right,36.5,4.53,1.36,7,7
28.8152,77.4469,Left,36.6,7.45,3.12,19,2
28.81575,77.44755,Right,36.7,3.68,5.09,12,6
28.8163,77.4482,Left,36.8,6.15,3.89,1,10
28.81685,77.44885,Right,36.9,5.38,0.83,3,8
28.8174,77.4495,Left,37.0,5.57,1.92,19,2
28.81795,77.45015,Right,37.1,3.5,3.41,4,5
28.8185,77.4508,Left,37.2,3.36,3.78,12,2
28.81905,77.45145,Right,37.3,5.07,5.19,9,8
28.8196,77.4521,Left,37.4,3.76,4.46,4,10
28.82015,77.45275,Right,37.5,5.72,5.24,16,1
28.8207,77.4534,Left,37.6,5.38,2.62,11,0
28.82125,77.45405,Right,37.7,3.68,1.4,6,5
28.8218,77.4547,Left,37.8,7.19,2.93,7,2
28.82235,77.45535,Right,37.9,2.43,1.98,3,8
28.8229,77.456,Left,38.0,6.13,4.68,16,0
28.82345,77.45665,Right,38.1,5.47,4.88,19,2
28.824,77.4573,Left,38.2,5.08,1.27,5,9
28.82455,77.45795,Right,38.3,6.35,1.33,14,0
28.8251,77.4586,Left,38.4,3.97,3.88,7,7
28.82565,77.45925,Right,38.5,5.16,4.26,14,3
28.8262,77.4599,Left,38.6,4.7,2.05,15,3
28.82675,77.46055,Right,38.7,3.71,5.24,14,7
28.8273,77.4612,Left,38.8,6.12,4.39,16,8
28.82785,77.46185,Right,38.9,4.01,1.31,6,9
28.8284,77.4625,Left,39.0,2.33,1.75,20,7
28.82895,77.46315,Right,39.1,6.74,3.27,3,8
28.8295,77.4638,Left,39.2,6.61,1.93,5,4
28.83005,77.46445,Right,39.3,4.2,3.07,13,1
28.8306,77.4651,Left,39.4,7.18,1.61,14,5
28.83115,77.46575,Right,39.5,7.08,2.57,12,8
28.8317,77.4664,Left,39.6,3.74,2.43,2,5
28.83225,77.46705,Right,39.7,2.85,2.09,3,10
28.8328,77.4677,Left,39.8,3.51,1.23,1,4
28.83335,77.46835,Right,39.9,7.0,2.86,4,7
28.8339,77.469,Left,40.0,4.19,0.53,2,0
28.83445,77.46965,Right,40.1,3.04,4.67,17,9
28.835,77.4703,Left,40.2,4.67,1.06,9,3
28.83555,77.47095,Right,40.3,3.31,0.74,13,10
28.8361,77.4716,Left,40.4,6.26,2.79,3,7
28.83665,77.47225,Right,40.5,5.08,0.58,16,9
28.8372,77.4729,Left,40.6,2.95,1.22,13,0
28.83775,77.47355,Right,40.7,5.19,1.7,13,2
28.8383,77.4742,Left,40.8,5.49,0.93,11,1
28.83885,77.47485,Right,40.9,7.22,3.22,16,8
28.8394,77.4755,Left,41.0,1.62,4.87,1,10
28.83995,77.47615,Right,41.1,3.82,2.37,0,5
28.8405,77.4768,Left,41.2,6.23,2.22,20,1
28.84105,77.47745,Right,41.3,6.13,4.18,10,2
28.8416,77.4781,Left,41.4,1.77,3.23,20,2
28.84215,77.47875,Right,41.5,6.48,3.92,15,10
28.8427,77.4794,Left,41.6,2.59,1.17,14,0
28.84325,77.48005,Right,41.7,3.26,0.72,6,0
28.8438,77.4807,Left,41.8,3.39,2.05,12,8
28.84435,77.48135,Right,41.9,4.34,0.68,20,3
28.8449,77.482,Left,42.0,3.22,4.81,1,10
28.84545,77.48265,Right,42.1,3.49,1.12,11,6
28.846,77.4833,Left,42.2,6.84,4.22,12,5
28.84655,77.48395,Right,42.3,7.34,2.98,15,5
28.8471,77.4846,Left,42.4,7.05,3.1,2,6
28.84765,77.48525,Right,42.5,1.97,3.51,5,8
28.8482,77.4859,Left,42.6,3.26,1.01,10,10
28.84875,77.48655,Right,42.7,3.27,2.73,13,2
28.8493,77.4872,Left,42.8,5.64,2.26,1,5
28.84985,77.48785,Right,42.9,5.19,2.67,20,0
28.8504,77.4885,Left,43.0,1.95,3.69,11,8
28.85095,77.48915,Right,43.1,6.31,3.9,0,2
28.8515,77.4898,Left,43.2,6.59,3.89,14,0
28.85205,77.49045,Right,43.3,2.26,1.68,20,5
28.8526,77.4911,Left,43.4,3.67,5.25,1,9
28.85315,77.49175,Right,43.5,2.42,2.75,11,5
28.8537,77.4924,Left,43.6,4.16,0.88,4,8
28.85425,77.49305,Right,43.7,3.7,2.07,8,3
28.8548,77.4937,Left,43.8,7.26,0.63,5,7
28.85535,77.49435,Right,43.9,4.61,5.07,3,4
28.8559,77.495,Left,44.0,6.15,4.02,6,9
28.85645,77.49565,Right,44.1,3.21,5.08,15,3
28.857,77.4963,Left,44.2,2.24,4.76,14,2
28.85755,77.49695,Right,44.3,6.89,2.73,2,10
28.8581,77.4976,Left,44.4,7.31,5.43,11,1
28.85865,77.49825,Right,44.5,4.8,1.95,9,2
28.8592,77.4989,Left,44.6,5.77,5.14,20,2
28.85975,77.49955,Right,44.7,6.26,3.04,3,3
28.8603,77.5002,Left,44.8,6.25,1.68,15,0
28.86085,77.50085,Right,44.9,3.67,3.36,14,8
28.8614,77.5015,Left,45.0,2.28,4.92,2,4
28.86195,77.50215,Right,45.1,3.89,4.08,15,8
28.8625,77.5028,Left,45.2,3.96,2.55,18,1
28.86305,77.50345,Right,45.3,2.25,2.09,2,7
28.8636,77.5041,Left,45.4,4.29,3.09,4,8
28.86415,77.50475,Right,45.5,5.34,1.41,4,6
28.8647,77.5054,Left,45.6,4.52,4.84,3,8
28.86525,77.50605,Right,45.7,2.42,1.32,10,3
28.8658,77.5067,Left,45.8,3.58,5.2,9,1
28.86635,77.50735,Right,45.9,3.0,3.68,17,4
28.8669,77.508,Left,46.0,2.25,2.01,17,1
28.86745,77.50865,Right,46.1,4.52,1.34,18,2
28.868,77.5093,Left,46.2,2.53,3.62,19,5
28.86855,77.50995,Right,46.3,6.56,3.32,0,1
28.8691,77.5106,Left,46.4,1.77,3.71,18,4
28.86965,77.51125,Right,46.5,5.41,4.33,13,9
28.8702,77.5119,Left,46.6,5.33,2.99,20,8
28.87075,77.51255,Right,46.7,3.24,5.28,15,3
28.8713,77.5132,Left,46.8,6.33,3.92,9,7
28.87185,77.51385,Right,46.9,1.94,0.8,14,6
28.8724,77.5145,Left,47.0,4.41,1.52,19,2
28.87295,77.51515,Right,47.1,3.38,4.09,11,6
28.8735,77.5158,Left,47.2,2.28,2.35,17,1
28.87405,77.51645,Right,47.3,3.41,2.83,8,7
28.8746,77.5171,Left,47.4,2.99,0.98,9,6
28.87515,77.51775,Right,47.5,6.68,2.59,5,5
28.8757,77.5184,Left,47.6,7.1,4.11,6,2
28.87625,77.51905,Right,47.7,4.49,3.07,15,4
28.8768,77.5197,Left,47.8,4.48,0.95,12,8
28.87735,77.52035,Right,47.9,4.24,1.7,18,5
28.8779,77.521,Left,48.0,1.79,1.91,19,10
28.87845,77.52165,Right,48.1,5.54,1.93,0,1
28.879,77.5223,Left,48.2,4.09,4.91,11,6
28.87955,77.52295,Right,48.3,3.7,2.5,18,8
28.8801,77.5236,Left,48.4,2.67,3.27,2,6
28.88065,77.52425,Right,48.5,4.53,4.32,8,9
28.8812,77.5249,Left,48.6,5.58,1.09,3,6
28.88175,77.52555,Right,48.7,3.74,5.43,17,5
28.8823,77.5262,Left,48.8,6.03,1.5,16,6
28.88285,77.52685,Right,48.9,4.5,0.73,4,5
28.8834,77.5275,Left,49.0,6.32,3.1,4,9
28.88395,77.52815,Right,49.1,6.86,1.2,19,5
28.8845,77.5288,Left,49.2,2.48,5.45,9,9
28.88505,77.52945,Right,49.3,3.52,4.64,17,7
28.8856,77.5301,Left,49.4,5.75,2.0,0,5
28.88615,77.53075,Right,49.5,3.49,1.05,13,9
28.8867,77.5314,Left,49.6,3.35,4.99,20,0
28.88725,77.53205,Right,49.7,5.08,1.83,20,9
28.8878,77.5327,Left,49.8,4.97,4.11,18,7
28.88835,77.53335,Right,49.9,2.52,3.65,19,6
